run_name,grouping,direction_target,l0_direction_r2,l1_l6_direction_mean,direction_first_ge_0p8_layer,peak_direction_r2,peak_layer_index,paper_distance,rank
step3_spatial_sector_angle,spatial_sector,angle,-0.0043440171188976,0.7072229506663095,8,0.9701523737788438,12,4.728943036260798,1
step3_spatial_cluster_angle,spatial_cluster,angle,0.0314546658795793,0.6835226090424978,8,0.97036620866574,12,4.840795938440395,2
step3_pixel_region_angle,pixel_region,angle,0.0086927264717807,0.690343964406615,8,0.9695811356750093,14,6.733807596765519,3
step3_pixel_region_sincos,pixel_region,sincos,-0.0346862285298834,0.8538463755887283,2,0.9927312446268264,15,14.027277518238146,4
step3_spatial_cluster_sincos,spatial_cluster,sincos,-0.0509390105808228,0.8691393216252749,2,0.9930628392328856,15,14.12383437452939,5
step3_spatial_sector_sincos,spatial_sector,sincos,-0.0576936089496368,0.8663820517376418,2,0.993328155069776,16,15.154850096485825,6
