{
  "l0_relative_acc": 0.0,
  "l8_relative_acc": 0.8222222222222223,
  "peak_relative_acc": 0.888888888888889,
  "peak_relative_layer": 10,
  "late_relative_acc": 0.7888888888888888,
  "first_relative_ge_0.8": 8,
  "l0_clip_acc": 0.5,
  "l8_clip_acc": 0.5055555555555555,
  "peak_clip_acc": 0.5416666666666667
}